{
    "ND": 0.06349205537841585,
    "RMSE": 0.4518856872267067,
    "test_loss": 5.225288391113281,
    "rou90": 0.03436976639371784,
    "rou50": 0.06343928840627182
}